System,Distractor Ratio,Correctness (1-5) (95% CI),Relevance (1-5) (95% CI),Groundedness (0-1) (95% CI),Recall@K (95% CI),Precision@K (95% CI),MRR (95% CI),ROUGE-1 F1 (95% CI),ROUGE-L F1 (95% CI)
BM25RerankerRAG,0.0,"2.73 [2.57, 2.90]","2.94 [2.72, 3.15]","0.76 [0.68, 0.83]","0.77 [0.72, 0.83]","0.69 [0.63, 0.75]","0.85 [0.80, 0.91]","0.35 [0.33, 0.38]","0.24 [0.22, 0.26]"
BM25RerankerRAG,0.5,"2.77 [2.61, 2.94]","2.97 [2.75, 3.18]","0.76 [0.68, 0.83]","0.75 [0.70, 0.81]","0.68 [0.61, 0.74]","0.84 [0.78, 0.89]","0.36 [0.33, 0.38]","0.24 [0.22, 0.26]"
BM25RerankerRAG,1.0,"2.72 [2.56, 2.89]","2.94 [2.73, 3.14]","0.78 [0.71, 0.86]","0.77 [0.71, 0.82]","0.68 [0.62, 0.74]","0.85 [0.79, 0.90]","0.35 [0.33, 0.38]","0.24 [0.22, 0.26]"
BM25RerankerRAG,2.0,"2.72 [2.55, 2.89]","3.00 [2.77, 3.21]","0.74 [0.66, 0.82]","0.77 [0.72, 0.82]","0.68 [0.62, 0.74]","0.84 [0.79, 0.90]","0.36 [0.33, 0.38]","0.24 [0.22, 0.26]"
BM25RerankerRAG,3.0,"2.73 [2.56, 2.90]","2.98 [2.77, 3.20]","0.75 [0.68, 0.82]","0.77 [0.72, 0.82]","0.67 [0.61, 0.73]","0.85 [0.80, 0.90]","0.37 [0.34, 0.39]","0.25 [0.22, 0.27]"
BM25Retriever,0.0,"2.73 [2.56, 2.91]","2.90 [2.68, 3.12]","0.78 [0.72, 0.86]","0.77 [0.72, 0.83]","0.69 [0.63, 0.75]","0.85 [0.80, 0.91]","0.35 [0.33, 0.37]","0.23 [0.21, 0.25]"
BM25Retriever,0.5,"2.77 [2.60, 2.95]","3.03 [2.82, 3.24]","0.76 [0.68, 0.83]","0.75 [0.70, 0.81]","0.68 [0.61, 0.74]","0.84 [0.78, 0.89]","0.35 [0.33, 0.38]","0.23 [0.22, 0.26]"
BM25Retriever,1.0,"2.72 [2.55, 2.88]","3.01 [2.78, 3.22]","0.75 [0.67, 0.82]","0.77 [0.71, 0.82]","0.68 [0.62, 0.74]","0.85 [0.79, 0.90]","0.35 [0.33, 0.38]","0.24 [0.22, 0.26]"
BM25Retriever,2.0,"2.74 [2.58, 2.92]","3.05 [2.83, 3.27]","0.71 [0.62, 0.79]","0.77 [0.72, 0.82]","0.68 [0.62, 0.74]","0.84 [0.79, 0.90]","0.36 [0.34, 0.38]","0.24 [0.23, 0.27]"
BM25Retriever,3.0,"2.75 [2.58, 2.93]","3.06 [2.84, 3.28]","0.72 [0.64, 0.81]","0.77 [0.72, 0.82]","0.67 [0.61, 0.73]","0.85 [0.80, 0.90]","0.37 [0.35, 0.39]","0.25 [0.23, 0.27]"
Baseline,0.0,"2.29 [2.16, 2.43]","2.78 [2.54, 3.02]","0.00 [0.00, 0.00]","0.00 [0.00, 0.00]","0.00 [0.00, 0.00]","0.00 [0.00, 0.00]","0.30 [0.28, 0.31]","0.19 [0.18, 0.20]"
Baseline,0.5,"2.29 [2.16, 2.43]","2.78 [2.55, 3.02]","0.00 [0.00, 0.00]","0.00 [0.00, 0.00]","0.00 [0.00, 0.00]","0.00 [0.00, 0.00]","0.30 [0.28, 0.31]","0.19 [0.18, 0.20]"
Baseline,1.0,"2.29 [2.16, 2.43]","2.78 [2.55, 3.02]","0.00 [0.00, 0.00]","0.00 [0.00, 0.00]","0.00 [0.00, 0.00]","0.00 [0.00, 0.00]","0.30 [0.28, 0.31]","0.19 [0.18, 0.20]"
Baseline,2.0,"2.29 [2.16, 2.43]","2.78 [2.55, 3.02]","0.00 [0.00, 0.00]","0.00 [0.00, 0.00]","0.00 [0.00, 0.00]","0.00 [0.00, 0.00]","0.30 [0.28, 0.31]","0.19 [0.18, 0.20]"
Baseline,3.0,"2.29 [2.16, 2.43]","2.78 [2.55, 3.02]","0.00 [0.00, 0.00]","0.00 [0.00, 0.00]","0.00 [0.00, 0.00]","0.00 [0.00, 0.00]","0.30 [0.28, 0.31]","0.19 [0.18, 0.20]"
CoTPrompting,0.0,"2.55 [2.46, 2.65]","2.67 [2.56, 2.77]","0.00 [0.00, 0.00]","0.00 [0.00, 0.00]","0.00 [0.00, 0.00]","0.00 [0.00, 0.00]","0.18 [0.17, 0.19]","0.12 [0.11, 0.12]"
CoTPrompting,0.5,"2.56 [2.47, 2.65]","2.66 [2.54, 2.77]","0.00 [0.00, 0.00]","0.00 [0.00, 0.00]","0.00 [0.00, 0.00]","0.00 [0.00, 0.00]","0.18 [0.17, 0.19]","0.12 [0.11, 0.12]"
CoTPrompting,1.0,"2.56 [2.47, 2.65]","2.66 [2.54, 2.77]","0.00 [0.00, 0.00]","0.00 [0.00, 0.00]","0.00 [0.00, 0.00]","0.00 [0.00, 0.00]","0.18 [0.17, 0.19]","0.12 [0.11, 0.12]"
CoTPrompting,2.0,"2.56 [2.47, 2.65]","2.66 [2.54, 2.77]","0.00 [0.00, 0.00]","0.00 [0.00, 0.00]","0.00 [0.00, 0.00]","0.00 [0.00, 0.00]","0.18 [0.17, 0.19]","0.12 [0.11, 0.12]"
CoTPrompting,3.0,"2.56 [2.47, 2.65]","2.66 [2.54, 2.77]","0.00 [0.00, 0.00]","0.00 [0.00, 0.00]","0.00 [0.00, 0.00]","0.00 [0.00, 0.00]","0.18 [0.17, 0.19]","0.12 [0.11, 0.12]"
CrossEncoderReranker,0.0,"2.81 [2.64, 2.98]","3.00 [2.79, 3.21]","0.80 [0.73, 0.87]","0.77 [0.72, 0.83]","0.69 [0.63, 0.75]","0.85 [0.80, 0.91]","0.37 [0.34, 0.39]","0.25 [0.23, 0.27]"
CrossEncoderReranker,0.5,"2.83 [2.66, 3.00]","3.04 [2.82, 3.25]","0.73 [0.66, 0.82]","0.75 [0.70, 0.81]","0.68 [0.61, 0.74]","0.84 [0.78, 0.89]","0.37 [0.34, 0.39]","0.25 [0.23, 0.27]"
CrossEncoderReranker,1.0,"2.80 [2.63, 2.96]","2.98 [2.77, 3.19]","0.74 [0.67, 0.82]","0.77 [0.71, 0.82]","0.68 [0.62, 0.74]","0.85 [0.79, 0.90]","0.36 [0.34, 0.38]","0.24 [0.22, 0.27]"
CrossEncoderReranker,2.0,"2.80 [2.62, 2.98]","3.02 [2.80, 3.25]","0.71 [0.63, 0.79]","0.77 [0.72, 0.82]","0.68 [0.62, 0.74]","0.84 [0.79, 0.90]","0.36 [0.34, 0.39]","0.25 [0.23, 0.27]"
CrossEncoderReranker,3.0,"2.81 [2.63, 2.98]","3.02 [2.81, 3.24]","0.75 [0.67, 0.82]","0.77 [0.72, 0.82]","0.67 [0.61, 0.73]","0.85 [0.80, 0.90]","0.37 [0.35, 0.39]","0.25 [0.23, 0.27]"
Graph-Deterministic,0.0,"1.58 [1.46, 1.71]","1.48 [1.37, 1.59]","0.87 [0.80, 0.93]","0.00 [0.00, 0.00]","0.00 [0.00, 0.00]","0.00 [0.00, 0.00]","0.14 [0.13, 0.16]","0.10 [0.10, 0.11]"
Graph-Deterministic,0.5,"1.58 [1.46, 1.71]","1.48 [1.37, 1.59]","0.87 [0.80, 0.93]","0.00 [0.00, 0.00]","0.00 [0.00, 0.00]","0.00 [0.00, 0.00]","0.14 [0.13, 0.16]","0.10 [0.10, 0.11]"
Graph-Deterministic,1.0,"1.58 [1.46, 1.71]","1.48 [1.37, 1.59]","0.87 [0.80, 0.93]","0.00 [0.00, 0.00]","0.00 [0.00, 0.00]","0.00 [0.00, 0.00]","0.14 [0.13, 0.16]","0.10 [0.10, 0.11]"
Graph-Deterministic,2.0,"1.58 [1.46, 1.71]","1.48 [1.37, 1.59]","0.87 [0.80, 0.93]","0.00 [0.00, 0.00]","0.00 [0.00, 0.00]","0.00 [0.00, 0.00]","0.14 [0.13, 0.16]","0.10 [0.10, 0.11]"
Graph-Deterministic,3.0,"1.58 [1.46, 1.71]","1.48 [1.37, 1.59]","0.87 [0.80, 0.93]","0.00 [0.00, 0.00]","0.00 [0.00, 0.00]","0.00 [0.00, 0.00]","0.14 [0.13, 0.16]","0.10 [0.10, 0.11]"
Graph-Anchored,0.0,"1.59 [1.49, 1.71]","1.33 [1.20, 1.49]","0.95 [0.91, 0.98]","0.45 [0.39, 0.52]","0.20 [0.17, 0.24]","0.37 [0.31, 0.44]","0.22 [0.20, 0.24]","0.15 [0.14, 0.16]"
Graph-Anchored,0.5,"1.59 [1.49, 1.70]","1.32 [1.19, 1.48]","0.94 [0.89, 0.98]","0.45 [0.39, 0.52]","0.20 [0.17, 0.24]","0.37 [0.31, 0.44]","0.22 [0.20, 0.25]","0.15 [0.14, 0.17]"
Graph-Anchored,1.0,"1.59 [1.49, 1.70]","1.32 [1.19, 1.48]","0.94 [0.89, 0.98]","0.45 [0.39, 0.52]","0.20 [0.17, 0.24]","0.37 [0.31, 0.44]","0.22 [0.20, 0.25]","0.15 [0.14, 0.17]"
Graph-Anchored,2.0,"1.59 [1.49, 1.70]","1.32 [1.19, 1.48]","0.94 [0.89, 0.98]","0.45 [0.39, 0.52]","0.20 [0.17, 0.24]","0.37 [0.31, 0.44]","0.22 [0.20, 0.25]","0.15 [0.14, 0.17]"
Graph-Anchored,3.0,"1.59 [1.49, 1.70]","1.32 [1.19, 1.48]","0.94 [0.89, 0.98]","0.45 [0.39, 0.52]","0.20 [0.17, 0.24]","0.37 [0.31, 0.44]","0.22 [0.20, 0.25]","0.15 [0.14, 0.17]"
Multi-Agent,0.0,"1.68 [1.54, 1.81]","1.44 [1.32, 1.58]","0.93 [0.88, 0.97]","0.44 [0.38, 0.50]","0.19 [0.16, 0.22]","0.32 [0.27, 0.37]","0.22 [0.20, 0.25]","0.15 [0.13, 0.17]"
Multi-Agent,0.5,"1.67 [1.53, 1.80]","1.44 [1.32, 1.58]","0.93 [0.88, 0.97]","0.44 [0.38, 0.50]","0.19 [0.16, 0.22]","0.32 [0.27, 0.37]","0.22 [0.19, 0.24]","0.15 [0.13, 0.17]"
Multi-Agent,1.0,"1.67 [1.53, 1.80]","1.44 [1.32, 1.58]","0.93 [0.88, 0.97]","0.44 [0.38, 0.50]","0.19 [0.16, 0.22]","0.32 [0.27, 0.37]","0.22 [0.19, 0.24]","0.15 [0.13, 0.17]"
Multi-Agent,2.0,"1.67 [1.53, 1.80]","1.44 [1.32, 1.58]","0.93 [0.88, 0.97]","0.44 [0.38, 0.50]","0.19 [0.16, 0.22]","0.32 [0.27, 0.37]","0.22 [0.19, 0.24]","0.15 [0.13, 0.17]"
Multi-Agent,3.0,"1.67 [1.53, 1.80]","1.44 [1.32, 1.58]","0.93 [0.88, 0.97]","0.44 [0.38, 0.50]","0.19 [0.16, 0.22]","0.32 [0.27, 0.37]","0.22 [0.19, 0.24]","0.15 [0.13, 0.17]"
Multi-AgentBM25,0.0,"1.68 [1.54, 1.83]","1.47 [1.32, 1.62]","0.93 [0.88, 0.97]","0.45 [0.39, 0.51]","0.19 [0.17, 0.23]","0.33 [0.27, 0.39]","0.22 [0.19, 0.24]","0.15 [0.13, 0.17]"
Multi-AgentBM25,0.5,"1.68 [1.54, 1.83]","1.47 [1.32, 1.62]","0.93 [0.88, 0.97]","0.45 [0.39, 0.51]","0.19 [0.17, 0.23]","0.33 [0.27, 0.39]","0.22 [0.19, 0.24]","0.15 [0.13, 0.17]"
Multi-AgentBM25,1.0,"1.68 [1.54, 1.83]","1.47 [1.32, 1.62]","0.93 [0.88, 0.97]","0.45 [0.39, 0.51]","0.19 [0.17, 0.23]","0.33 [0.27, 0.39]","0.22 [0.19, 0.24]","0.15 [0.13, 0.17]"
Multi-AgentBM25,2.0,"1.68 [1.54, 1.83]","1.47 [1.32, 1.62]","0.93 [0.88, 0.97]","0.45 [0.39, 0.51]","0.19 [0.17, 0.23]","0.33 [0.27, 0.39]","0.22 [0.19, 0.24]","0.15 [0.13, 0.17]"
Multi-AgentBM25,3.0,"1.68 [1.54, 1.83]","1.47 [1.32, 1.62]","0.93 [0.88, 0.97]","0.45 [0.39, 0.51]","0.19 [0.17, 0.23]","0.33 [0.27, 0.39]","0.22 [0.19, 0.24]","0.15 [0.13, 0.17]"
StandardRAG,0.0,"2.86 [2.68, 3.02]","3.18 [2.97, 3.39]","0.67 [0.58, 0.75]","0.75 [0.70, 0.81]","0.69 [0.64, 0.75]","0.81 [0.75, 0.87]","0.37 [0.35, 0.39]","0.24 [0.22, 0.26]"
StandardRAG,0.5,"2.87 [2.68, 3.03]","3.17 [2.96, 3.38]","0.68 [0.60, 0.75]","0.75 [0.70, 0.81]","0.69 [0.63, 0.74]","0.81 [0.75, 0.87]","0.37 [0.35, 0.39]","0.24 [0.22, 0.27]"
StandardRAG,1.0,"2.86 [2.68, 3.02]","3.17 [2.95, 3.38]","0.69 [0.62, 0.77]","0.75 [0.70, 0.81]","0.69 [0.63, 0.74]","0.81 [0.74, 0.87]","0.37 [0.35, 0.39]","0.24 [0.22, 0.27]"
StandardRAG,2.0,"2.85 [2.67, 3.02]","3.16 [2.95, 3.38]","0.68 [0.60, 0.76]","0.75 [0.70, 0.81]","0.68 [0.62, 0.74]","0.80 [0.74, 0.86]","0.37 [0.35, 0.39]","0.24 [0.22, 0.27]"
StandardRAG,3.0,"2.88 [2.70, 3.04]","3.17 [2.96, 3.39]","0.68 [0.59, 0.76]","0.75 [0.70, 0.81]","0.68 [0.62, 0.74]","0.80 [0.74, 0.86]","0.37 [0.35, 0.39]","0.24 [0.22, 0.27]"
TemplatePrompting,0.0,"2.78 [2.66, 2.91]","3.58 [3.44, 3.73]","0.00 [0.00, 0.00]","0.00 [0.00, 0.00]","0.00 [0.00, 0.00]","0.00 [0.00, 0.00]","0.23 [0.21, 0.24]","0.15 [0.14, 0.15]"
TemplatePrompting,0.5,"2.75 [2.63, 2.88]","3.58 [3.42, 3.73]","0.00 [0.00, 0.00]","0.00 [0.00, 0.00]","0.00 [0.00, 0.00]","0.00 [0.00, 0.00]","0.23 [0.21, 0.24]","0.15 [0.14, 0.15]"
TemplatePrompting,1.0,"2.75 [2.63, 2.88]","3.58 [3.42, 3.73]","0.00 [0.00, 0.00]","0.00 [0.00, 0.00]","0.00 [0.00, 0.00]","0.00 [0.00, 0.00]","0.23 [0.21, 0.24]","0.15 [0.14, 0.15]"
TemplatePrompting,2.0,"2.75 [2.63, 2.88]","3.58 [3.42, 3.73]","0.00 [0.00, 0.00]","0.00 [0.00, 0.00]","0.00 [0.00, 0.00]","0.00 [0.00, 0.00]","0.23 [0.21, 0.24]","0.15 [0.14, 0.15]"
TemplatePrompting,3.0,"2.75 [2.63, 2.88]","3.58 [3.42, 3.73]","0.00 [0.00, 0.00]","0.00 [0.00, 0.00]","0.00 [0.00, 0.00]","0.00 [0.00, 0.00]","0.23 [0.21, 0.24]","0.15 [0.14, 0.15]"
