Question number,Question,Ground truth,Gold Standard Document
Q1.1v0,What is the M06-L density functional designed to capture?,"The M06-L functional is a new local density functional designed to capture the main dependence of the exchange-correlation energy on local spin density, spin density gradient, and spin kinetic energy density. It is parametrized to satisfy the uniform-electron-gas limit and perform well for both main-group chemistry and transition metal chemistry.","A new local density functional for main-group thermochemistry transition.pdf, The M06 suite of density functionals for main group thermochemistry.pdf"
Q1.1v1,What specific physical dependencies and chemical applications is the M06-L functional constructed to describe?,"The M06-L functional is a new local density functional designed to capture the main dependence of the exchange-correlation energy on local spin density, spin density gradient, and spin kinetic energy density. It is parametrized to satisfy the uniform-electron-gas limit and perform well for both main-group chemistry and transition metal chemistry.","A new local density functional for main-group thermochemistry transition.pdf, The M06 suite of density functionals for main group thermochemistry.pdf"
Q1.1v2,For which types of bonding and thermochemistry was the local meta-GGA functional M06-L primarily optimized?,"The M06-L functional is a new local density functional designed to capture the main dependence of the exchange-correlation energy on local spin density, spin density gradient, and spin kinetic energy density. It is parametrized to satisfy the uniform-electron-gas limit and perform well for both main-group chemistry and transition metal chemistry.","A new local density functional for main-group thermochemistry transition.pdf, The M06 suite of density functionals for main group thermochemistry.pdf"
Q1.2v0,"How many different test sets does the GMTKN55 database cover, and how many relative energies result from the statistical analysis?","The GMTKN55 database covers 55 different test sets. For subsequent statistical analysis, the user can obtain 1505 relative energies from 2462 single-point calculations.",A look at the density functional theory zoo with.pdf
Q1.2v1,What is the total count of subsets and resulting relative energy data points contained within the GMTKN55 database?,"The GMTKN55 database covers 55 different test sets. For subsequent statistical analysis, the user can obtain 1505 relative energies from 2462 single-point calculations.",A look at the density functional theory zoo with.pdf
Q1.2v2,"In the statistical analysis of the GMTKN55 database, how many relative energies are calculated, and across how many benchmark sets are they distributed?","The GMTKN55 database covers 55 different test sets. For subsequent statistical analysis, the user can obtain 1505 relative energies from 2462 single-point calculations.",A look at the density functional theory zoo with.pdf
Q1.3v0,What is the reported Mean Unsigned Error (MUE) in kcal/mol for the M06-2X functional (a Rung 4.0 Hybrid functional) when tested against the SD143 benchmark set?,"The M06-2X functional, which is designated as a Rung 4.0 Hybrid functional, was assessed for its accuracy using the Mean Unsigned Error (MUE) metric in kcal/mol against the standard SD143 benchmark set. The sources report that the M06-2X functional yields a Mean Unsigned Error (MUE) of 0.82 kcal/mol on the SD143 set. This result is documented in a paper reviewing the M06 suite of density functionals",The M06 suite of density functionals for main group thermochemistry.pdf
Q1.3v1,"When evaluating the M06-2X hybrid functional against the SD143 database, what value is reported for the Mean Unsigned Error?","The M06-2X functional, which is designated as a Rung 4.0 Hybrid functional, was assessed for its accuracy using the Mean Unsigned Error (MUE) metric in kcal/mol against the standard SD143 benchmark set. The sources report that the M06-2X functional yields a Mean Unsigned Error (MUE) of 0.82 kcal/mol on the SD143 set. This result is documented in a paper reviewing the M06 suite of density functionals",The M06 suite of density functionals for main group thermochemistry.pdf
Q1.3v2,Quantify the performance (MUE in kcal/mol) of the Rung 4 functional M06-2X on the SD143 thermochemistry set.,"The M06-2X functional, which is designated as a Rung 4.0 Hybrid functional, was assessed for its accuracy using the Mean Unsigned Error (MUE) metric in kcal/mol against the standard SD143 benchmark set. The sources report that the M06-2X functional yields a Mean Unsigned Error (MUE) of 0.82 kcal/mol on the SD143 set. This result is documented in a paper reviewing the M06 suite of density functionals",The M06 suite of density functionals for main group thermochemistry.pdf
Q1.4v0,What is the Mean Absolute Deviation (MAD) value (in kcal/mol) for the PBE functional (a Rung 2.0 GGA functional) when assessing the comprehensive AE (Atomisation Energies) benchmark set?,"The PBE functional, a Generalized Gradient Approximation (GGA) method belonging to Rung 2.0, was evaluated for its performance on thermochemistry tasks, specifically using the comprehensive AE (Atomization Energies) benchmark set. Measuring the Mean Absolute Deviation (MAD) in kcal/mol, the PBE functional demonstrates a large deviation with a value of 13.61 kcal/mol on the AE benchmark","Thirty years of density functional theory in computational chemistry: an overview and extensive assessment of 200 density functionals.pdf, Quest for a universal density functional: The accuracy of density functionals across a broad spectrum of databases in chemistry and physics.pdf"
Q1.4v1,"For the atomization energy (AE) benchmark, what is the Mean Absolute Deviation (MAD) associated with the PBE functional?","The PBE functional, a Generalized Gradient Approximation (GGA) method belonging to Rung 2.0, was evaluated for its performance on thermochemistry tasks, specifically using the comprehensive AE (Atomization Energies) benchmark set. Measuring the Mean Absolute Deviation (MAD) in kcal/mol, the PBE functional demonstrates a large deviation with a value of 13.61 kcal/mol on the AE benchmark","Thirty years of density functional theory in computational chemistry: an overview and extensive assessment of 200 density functionals.pdf, Quest for a universal density functional: The accuracy of density functionals across a broad spectrum of databases in chemistry and physics.pdf"
Q1.4v2,What MAD value (kcal/mol) does the Rung 2.0 GGA functional PBE achieve on the comprehensive AE atomization set?,"The PBE functional, a Generalized Gradient Approximation (GGA) method belonging to Rung 2.0, was evaluated for its performance on thermochemistry tasks, specifically using the comprehensive AE (Atomization Energies) benchmark set. Measuring the Mean Absolute Deviation (MAD) in kcal/mol, the PBE functional demonstrates a large deviation with a value of 13.61 kcal/mol on the AE benchmark","Thirty years of density functional theory in computational chemistry: an overview and extensive assessment of 200 density functionals.pdf, Quest for a universal density functional: The accuracy of density functionals across a broad spectrum of databases in chemistry and physics.pdf"
Q1.5v0,What MAD value in picometers is reported for the B3LYP functional with D4-ATM correction on the LMGB35 geometry set?,"The B3LYP functional, classified as a Rung 4.0 Hybrid, was coupled with the D4-ATM dispersion correction to determine its precision on predicting geometries. When tested against the LMGB35 benchmark set, which utilizes the Mean Absolute Deviation (MAD) in picometers (pm) as its metric, the B3LYP-D4-ATM combination achieved a MAD value of 0.8 pm. This indicates a high level of geometric accuracy for this specific combination.","A generally applicable atomic-charge dependent London dispersion correction.pdf
"
Q1.5v1,How does B3LYP combined with D4-ATM perform on the LMGB35 benchmark in terms of Mean Absolute Deviation?,"The B3LYP functional, classified as a Rung 4.0 Hybrid, was coupled with the D4-ATM dispersion correction to determine its precision on predicting geometries. When tested against the LMGB35 benchmark set, which utilizes the Mean Absolute Deviation (MAD) in picometers (pm) as its metric, the B3LYP-D4-ATM combination achieved a MAD value of 0.8 pm. This indicates a high level of geometric accuracy for this specific combination.","A generally applicable atomic-charge dependent London dispersion correction.pdf
"
Q1.5v2,"On the small geometry benchmark set LMGB35, what is the Mean Absolute Deviation (MAD) in picometers (pm) observed for the B3LYP functional when combined with the modern D4-ATM dispersion correction?","The B3LYP functional, classified as a Rung 4.0 Hybrid, was coupled with the D4-ATM dispersion correction to determine its precision on predicting geometries. When tested against the LMGB35 benchmark set, which utilizes the Mean Absolute Deviation (MAD) in picometers (pm) as its metric, the B3LYP-D4-ATM combination achieved a MAD value of 0.8 pm. This indicates a high level of geometric accuracy for this specific combination.","A generally applicable atomic-charge dependent London dispersion correction.pdf
"
Q1.6v0,What experimental data source was used to compile the reference molecular dispersion coefficients for the DOSD benchmark set?,"The reference molecular dispersion coefficients were determined experimentally from dipole oscillator strength distributions (DOSDs), as described in previous studies by Meath and co-workers.","A generally applicable atomic-charge.pdf, A_Consistent_and_Accurate_Ab_Initio_Parametrizatio.pdf"
Q1.6v1,From which experimental measurements were the reference dispersion coefficients derived for the DOSD benchmark?,"The reference molecular dispersion coefficients were determined experimentally from dipole oscillator strength distributions (DOSDs), as described in previous studies by Meath and co-workers.","A generally applicable atomic-charge.pdf, A_Consistent_and_Accurate_Ab_Initio_Parametrizatio.pdf"
Q1.6v2,Identify the source of experimental data used to establish the reference molecular dispersion coefficients in the DOSD set.,"The reference molecular dispersion coefficients were determined experimentally from dipole oscillator strength distributions (DOSDs), as described in previous studies by Meath and co-workers.","A generally applicable atomic-charge.pdf, A_Consistent_and_Accurate_Ab_Initio_Parametrizatio.pdf"
Q1.7v0,"What is the defining characteristic of the M06-2X functional, and what is it recommended for?","The M06-2X functional is a new hybrid meta exchange-correlation functional. It is a high-nonlocality functional with double the amount of nonlocal exchange (2X). It is recommended for applications involving main-group thermochemistry, kinetics, noncovalent interactions, and electronic excitation energies to valence and Rydberg states.","The M06 suite of density functionals for main group thermochemistry.pdf, A new local density functional for main-group thermochemistry transition.pdf, Thirty years of density functional theory in.pdf"
Q1.7v1,"What are the primary usage recommendations for M06-2X, and what feature distinguishes it from other M06 functionals?","The M06-2X functional is a new hybrid meta exchange-correlation functional. It is a high-nonlocality functional with double the amount of nonlocal exchange (2X). It is recommended for applications involving main-group thermochemistry, kinetics, noncovalent interactions, and electronic excitation energies to valence and Rydberg states.","The M06 suite of density functionals for main group thermochemistry.pdf, A new local density functional for main-group thermochemistry transition.pdf, Thirty years of density functional theory in.pdf"
Q1.7v2,"Which chemical systems is M06-2X best suited for, and what is its defining ""2X"" characteristic?
","The M06-2X functional is a new hybrid meta exchange-correlation functional. It is a high-nonlocality functional with double the amount of nonlocal exchange (2X). It is recommended for applications involving main-group thermochemistry, kinetics, noncovalent interactions, and electronic excitation energies to valence and Rydberg states.","The M06 suite of density functionals for main group thermochemistry.pdf, A new local density functional for main-group thermochemistry transition.pdf, Thirty years of density functional theory in.pdf"
Q1.8v0,"What is the reported percentage error (%) for bond lengths calculated using the fundamental LDA (Local Density Approximation, Rung 1.0) functional?
","The Local Density Approximation (LDA) functional, categorized as a fundamental Rung 1.0 density functional, possesses a known performance characteristic related to molecular geometry. The overall error associated with the bond length calculations using the LDA functional, quantified by the metric Bond Length Error (%), is reported to be between 1–2%",The ABC of DFT.pdf
Q1.8v1,"What is the typical percentage error range for bond lengths when using the Local Density Approximation (LDA)?
","The Local Density Approximation (LDA) functional, categorized as a fundamental Rung 1.0 density functional, possesses a known performance characteristic related to molecular geometry. The overall error associated with the bond length calculations using the LDA functional, quantified by the metric Bond Length Error (%), is reported to be between 1–2%",The ABC of DFT.pdf
Q1.8v2,"How accurate is the LDA functional for calculating bond lengths in percentage terms?
","The Local Density Approximation (LDA) functional, categorized as a fundamental Rung 1.0 density functional, possesses a known performance characteristic related to molecular geometry. The overall error associated with the bond length calculations using the LDA functional, quantified by the metric Bond Length Error (%), is reported to be between 1–2%",The ABC of DFT.pdf
Q1.9v0,"Why is the DFT-D3 method considered an improvement over previous versions, specifically concerning the elements it covers?",DFT-D3 features atom-pairwise specific dispersion coefficients and cutoff radii computed from first principles. It offers a consistent and accurate ab initio parametrization for the 94 elements H-Pu.,"A_Consistent_and_Accurate_Ab_Initio_Parametrizatio.pdf, Effect of the Damping Function in Dispersion Corrected.pdf"
Q1.9v1,How does DFT-D3 improve upon earlier versions regarding the range of elements it can consistently describe?,DFT-D3 features atom-pairwise specific dispersion coefficients and cutoff radii computed from first principles. It offers a consistent and accurate ab initio parametrization for the 94 elements H-Pu.,"A_Consistent_and_Accurate_Ab_Initio_Parametrizatio.pdf, Effect of the Damping Function in Dispersion Corrected.pdf"
Q1.9v2,What specific advantage does DFT-D3 offer over previous methods concerning periodic table coverage?,DFT-D3 features atom-pairwise specific dispersion coefficients and cutoff radii computed from first principles. It offers a consistent and accurate ab initio parametrization for the 94 elements H-Pu.,"A_Consistent_and_Accurate_Ab_Initio_Parametrizatio.pdf, Effect of the Damping Function in Dispersion Corrected.pdf"
Q1.10v0,"What are the primary molecular content categories of the structural test sets LMGB35, HMGB11, and TMC32?",The test sets consist of: LMGB35 (molecules formed by first or second row main group elements); HMGB11 (molecules composed of main group elements of the third or higher rows); and TMC32 (3d-transition metal complexes).,A generally applicable atomic-charge.pdf
Q1.10v1,"Describe the molecular composition and elemental rows covered by the structural benchmarks LMGB35, HMGB11, and TMC32.",The test sets consist of: LMGB35 (molecules formed by first or second row main group elements); HMGB11 (molecules composed of main group elements of the third or higher rows); and TMC32 (3d-transition metal complexes).,A generally applicable atomic-charge.pdf
Q1.10v2,"Which categories of elements or complexes make up the LMGB35, HMGB11, and TMC32 test sets?",The test sets consist of: LMGB35 (molecules formed by first or second row main group elements); HMGB11 (molecules composed of main group elements of the third or higher rows); and TMC32 (3d-transition metal complexes).,A generally applicable atomic-charge.pdf
Q2.1v0,Which authors compiled the GMTKN55 benchmark database?,The GMTKN55 benchmark database was discussed in the context of research by Roberto Peverati and Donald G. Truhlar. Key developers associated with this generation of databases include Lars Goerigk and Stefan Grimme.,"A look at the density functional theory zoo with.pdf, A generally applicable atomic-charge.pdf"
Q2.1v1,Who are the researchers responsible for the creation and compilation of the GMTKN55 benchmark suite?,The GMTKN55 benchmark database was discussed in the context of research by Roberto Peverati and Donald G. Truhlar. Key developers associated with this generation of databases include Lars Goerigk and Stefan Grimme.,"A look at the density functional theory zoo with.pdf, A generally applicable atomic-charge.pdf"
Q2.1v2,"List the names of the authors who presented the GMTKN55 database for thermochemistry, kinetics, and noncovalent interactions.",The GMTKN55 benchmark database was discussed in the context of research by Roberto Peverati and Donald G. Truhlar. Key developers associated with this generation of databases include Lars Goerigk and Stefan Grimme.,"A look at the density functional theory zoo with.pdf, A generally applicable atomic-charge.pdf"
Q2.2v0,For which specific type of chemistry is the M06-L functional highly recommended?,"The M06-L functional is recommended for various fields, including main-group chemistry, transition metal chemistry, and biological chemistry. It performs particularly well for noncovalent interactions and for calculating transition metal (TM) bond energies (databases like TMAE9/05 and MLBE21/05).","A new local density functional for main-group thermochemistry transition.pdf, The M06 suite of density functionals for main group thermochemistry.pdf"
Q2.2v1,"In the context of organometallic and inorganometallic chemistry, which functional is specifically advised for use?","The M06-L functional is recommended for various fields, including main-group chemistry, transition metal chemistry, and biological chemistry. It performs particularly well for noncovalent interactions and for calculating transition metal (TM) bond energies (databases like TMAE9/05 and MLBE21/05).","A new local density functional for main-group thermochemistry transition.pdf, The M06 suite of density functionals for main group thermochemistry.pdf"
Q2.2v2,"For applications involving transition metal bonding and systems where exact exchange is computationally too expensive, which local functional is suggested?","The M06-L functional is recommended for various fields, including main-group chemistry, transition metal chemistry, and biological chemistry. It performs particularly well for noncovalent interactions and for calculating transition metal (TM) bond energies (databases like TMAE9/05 and MLBE21/05).","A new local density functional for main-group thermochemistry transition.pdf, The M06 suite of density functionals for main group thermochemistry.pdf"
Q2.3v0,Does the M06-L functional satisfy the uniform-electron-gas limit?,"Yes, the M06-L functional is parameterized such that both its exchange and correlation components reduce to the correct uniform-electron-gas (UEG) limit when the gradient approaches zero.","A new local density functional for main-group thermochemistry transition.pdf, Exchange-correlation functional with broad accuracy for metallic and.pdf, The M06 suite of density functionals for main group thermochemistry.pdf"
Q2.3v1,"Is the M06-L functional parametrized to adhere to the constraints of the uniform electron gas (UEG)?
","Yes, the M06-L functional is parameterized such that both its exchange and correlation components reduce to the correct uniform-electron-gas (UEG) limit when the gradient approaches zero.","A new local density functional for main-group thermochemistry transition.pdf, Exchange-correlation functional with broad accuracy for metallic and.pdf, The M06 suite of density functionals for main group thermochemistry.pdf"
Q2.3v2,Did the design of the M06-L functional involve enforcing the correct limit for a uniform electron gas?,"Yes, the M06-L functional is parameterized such that both its exchange and correlation components reduce to the correct uniform-electron-gas (UEG) limit when the gradient approaches zero.","A new local density functional for main-group thermochemistry transition.pdf, Exchange-correlation functional with broad accuracy for metallic and.pdf, The M06 suite of density functionals for main group thermochemistry.pdf"
Q2.4v0,"Given that the Hybrid functional PBE0 is listed in the sources as a refinement of the Generalized Gradient Approximation (GGA) functional PBE, what is the measured Weighted Total Mean Absolute Deviation (WTMAD-2) in kcal mol⁻¹ for the PBE0 functional when evaluated alongside the D3(BJ) dispersion correction across the comprehensive GMTKN55 database?","The sources establish that the PBE0 functional refines the PBE functional. When PBE0 is paired with the D3(BJ) dispersion correction and comprehensively tested against the GMTKN55 database, its performance is quantified using the WTMAD-2 (kcal mol⁻¹) metric. The reported value for this combination is 6.13 kcal mol⁻¹. This score measures the accuracy of the functional across the entire database, incorporating the refinement hierarchy (PBE to PBE0) and the necessary empirical correction (D3(BJ))","A look at the density functional theory zoo with the advanced GMTKN55 database for general main group thermochemistry kinetics and noncovalent interactions.pdf, Thirty years of density functional theory in computational chemistry: an overview and extensive assessment of 200 density functionals.pdf, Improving the Accuracy of Hybrid Meta-GGA Density Functionals by Range Separation.pdf"
Q2.4v1,What WTMAD-2 score (in kcal mol⁻¹) does PBE0-D3(BJ) achieve when tested against the full GMTKN55 database?,"The sources establish that the PBE0 functional refines the PBE functional. When PBE0 is paired with the D3(BJ) dispersion correction and comprehensively tested against the GMTKN55 database, its performance is quantified using the WTMAD-2 (kcal mol⁻¹) metric. The reported value for this combination is 6.13 kcal mol⁻¹. This score measures the accuracy of the functional across the entire database, incorporating the refinement hierarchy (PBE to PBE0) and the necessary empirical correction (D3(BJ))","A look at the density functional theory zoo with the advanced GMTKN55 database for general main group thermochemistry kinetics and noncovalent interactions.pdf, Thirty years of density functional theory in computational chemistry: an overview and extensive assessment of 200 density functionals.pdf, Improving the Accuracy of Hybrid Meta-GGA Density Functionals by Range Separation.pdf"
Q2.4v2,Report the Weighted Total Mean Absolute Deviation (WTMAD-2) for the PBE0 hybrid functional with Becke-Johnson damping on the GMTKN55 set.,"The sources establish that the PBE0 functional refines the PBE functional. When PBE0 is paired with the D3(BJ) dispersion correction and comprehensively tested against the GMTKN55 database, its performance is quantified using the WTMAD-2 (kcal mol⁻¹) metric. The reported value for this combination is 6.13 kcal mol⁻¹. This score measures the accuracy of the functional across the entire database, incorporating the refinement hierarchy (PBE to PBE0) and the necessary empirical correction (D3(BJ))","A look at the density functional theory zoo with the advanced GMTKN55 database for general main group thermochemistry kinetics and noncovalent interactions.pdf, Thirty years of density functional theory in computational chemistry: an overview and extensive assessment of 200 density functionals.pdf, Improving the Accuracy of Hybrid Meta-GGA Density Functionals by Range Separation.pdf"
Q2.5v0,What was the immediate predecessor to the DFT-D3 correction method?,"The latest version of this approach is named DFT-D3, which followed the previous versions referred to as DFT-D1 and DFT-D2.","A_Consistent_and_Accurate_Ab_Initio_Parametrizatio.pdf, Effect of the Damping Function in Dispersion Corrected.pdf"
Q2.5v1,Which specific dispersion correction scheme did DFT-D3 replace or update?,"The latest version of this approach is named DFT-D3, which followed the previous versions referred to as DFT-D1 and DFT-D2.","A_Consistent_and_Accurate_Ab_Initio_Parametrizatio.pdf, Effect of the Damping Function in Dispersion Corrected.pdf"
Q2.5v2,Which specific dispersion correction scheme did DFT-D3 replace or update?,"The latest version of this approach is named DFT-D3, which followed the previous versions referred to as DFT-D1 and DFT-D2.","A_Consistent_and_Accurate_Ab_Initio_Parametrizatio.pdf, Effect of the Damping Function in Dispersion Corrected.pdf"
Q2.6v0,"How does the GMTKN55 database compare to its predecessor, GMTKN30?","GMTKN55 is an updated and extended version of its popular predecessor, GMTKN30. It expands coverage to 55 test sets and enables assessment across a larger variety of chemical problems. Furthermore, it provides reference values of significantly higher quality for most sets compared to GMTKN30.","A look at the density functional theory zoo with.pdf, A generally applicable atomic-charge.pdf"
Q2.6v1,What are the key differences in size and quality between the GMTKN55 database and the earlier GMTKN30 version?,"GMTKN55 is an updated and extended version of its popular predecessor, GMTKN30. It expands coverage to 55 test sets and enables assessment across a larger variety of chemical problems. Furthermore, it provides reference values of significantly higher quality for most sets compared to GMTKN30.","A look at the density functional theory zoo with.pdf, A generally applicable atomic-charge.pdf"
Q2.6v2,"In terms of the number of test sets and reference data quality, how does GMTKN55 improve upon GMTKN30?","GMTKN55 is an updated and extended version of its popular predecessor, GMTKN30. It expands coverage to 55 test sets and enables assessment across a larger variety of chemical problems. Furthermore, it provides reference values of significantly higher quality for most sets compared to GMTKN30.","A look at the density functional theory zoo with.pdf, A generally applicable atomic-charge.pdf"
Q2.7v0,Which functional class does the M06 functional belong to?,"The M06 functional is classified on Rung 4 of Jacob's Ladder. Because it includes the spin kinetic energy density ($\tau_{\sigma}$) in addition to mixing Hartree-Fock (HF) and approximate exchange, it is specifically categorized as a Hybrid Meta-GGA (HM) functional.","The M06 suite of density functionals for main group thermochemistry.pdf, Exchange-correlation functional with broad accuracy for metallic and.pdf"
Q2.7v1,To which specific rung or category of density functionals does M06 assigned?,"The M06 functional is classified on Rung 4 of Jacob's Ladder. Because it includes the spin kinetic energy density ($\tau_{\sigma}$) in addition to mixing Hartree-Fock (HF) and approximate exchange, it is specifically categorized as a Hybrid Meta-GGA (HM) functional.","The M06 suite of density functionals for main group thermochemistry.pdf, Exchange-correlation functional with broad accuracy for metallic and.pdf"
Q2.7v2,"Is the M06 functional classified as a GGA, a meta-GGA, or a hybrid meta-GGA?","The M06 functional is classified on Rung 4 of Jacob's Ladder. Because it includes the spin kinetic energy density ($\tau_{\sigma}$) in addition to mixing Hartree-Fock (HF) and approximate exchange, it is specifically categorized as a Hybrid Meta-GGA (HM) functional.","The M06 suite of density functionals for main group thermochemistry.pdf, Exchange-correlation functional with broad accuracy for metallic and.pdf"
Q2.8,"For medium-sized organic and inorganic molecules, how does the D4 model compare in accuracy to the D3 model?","For medium-sized organic and inorganic molecules, the D4/D4(TB) model consistently improves upon the already accurate D3 model. This is evidenced by lower Mean Absolute Deviation (MAD) values in the DOSD benchmark set, with D4/D4(TB) yielding 3.8% and 3.9% compared to 4.7% for D3.",A generally applicable atomic-charge.pdf
Q2.8v1,What is the improvement in Mean Absolute Deviation (MAD) for the D4 model over the D3 model when testing medium-sized organic and inorganic molecules?,"For medium-sized organic and inorganic molecules, the D4/D4(TB) model consistently improves upon the already accurate D3 model. This is evidenced by lower Mean Absolute Deviation (MAD) values in the DOSD benchmark set, with D4/D4(TB) yielding 3.8% and 3.9% compared to 4.7% for D3.",A generally applicable atomic-charge.pdf
Q2.8v2,Quantify the difference in accuracy (in percentage) between D4 and D3 for molecular dispersion coefficients of medium-sized systems.,"For medium-sized organic and inorganic molecules, the D4/D4(TB) model consistently improves upon the already accurate D3 model. This is evidenced by lower Mean Absolute Deviation (MAD) values in the DOSD benchmark set, with D4/D4(TB) yielding 3.8% and 3.9% compared to 4.7% for D3.",A generally applicable atomic-charge.pdf
Q2.9v0,"What role does the dispersion energy correction play in 'normal' thermochemistry, according to the GMTKN30 evaluation?","The inclusion of the dispersion correction is remarkably important for ""normal"" thermochemistry (thermodynamic properties), not just noncovalent interactions. Specifically, for the reaction section of the GMTKN30 database, dispersion corrections, such as DFT-D3, significantly improve the results for all density functionals tested.","A thorough benchmark of density functional methods for general main.pdf, Effect of the Damping Function in Dispersion Corrected.pdf"
Q2.9v1,"Does the GMTKN30 study suggest that dispersion corrections are necessary for reaction energies in standard thermochemistry, or only for noncovalent interactions?","The inclusion of the dispersion correction is remarkably important for ""normal"" thermochemistry (thermodynamic properties), not just noncovalent interactions. Specifically, for the reaction section of the GMTKN30 database, dispersion corrections, such as DFT-D3, significantly improve the results for all density functionals tested.","A thorough benchmark of density functional methods for general main.pdf, Effect of the Damping Function in Dispersion Corrected.pdf"
Q2.9v2,"How does the inclusion of dispersion correction affect the accuracy of density functionals for ""normal"" thermochemical reactions according to the GMTKN30 benchmarks?","The inclusion of the dispersion correction is remarkably important for ""normal"" thermochemistry (thermodynamic properties), not just noncovalent interactions. Specifically, for the reaction section of the GMTKN30 database, dispersion corrections, such as DFT-D3, significantly improve the results for all density functionals tested.","A thorough benchmark of density functional methods for general main.pdf, Effect of the Damping Function in Dispersion Corrected.pdf"
Q2.10v0,Which quantum chemistry program packages were used for coupled-cluster calculations during the development of DFT-D3?,Coupled-cluster calculations used to obtain reference data for the DFT-D3 studies were performed using the ORCA and MOLPRO packages.,A_Consistent_and_Accurate_Ab_Initio_Parametrizatio.pdf
Q2.10v1,Name the software suites used to generate the coupled-cluster reference data for the DFT-D3 parametrization.,Coupled-cluster calculations used to obtain reference data for the DFT-D3 studies were performed using the ORCA and MOLPRO packages.,A_Consistent_and_Accurate_Ab_Initio_Parametrizatio.pdf
Q2.10v2,Which specific computational programs were employed for the CCSD(T) calculations in the development of DFT-D3?,Coupled-cluster calculations used to obtain reference data for the DFT-D3 studies were performed using the ORCA and MOLPRO packages.,A_Consistent_and_Accurate_Ab_Initio_Parametrizatio.pdf
Q3.1v0,What are the key differences in application focus and computational cost scaling between M06-L and M06-2X?,"The M06-L functional is a local functional (Meta-GGA, Rung 3), which offers computational cost advantages for large systems. It was specifically designed and recommended for systems involving transition metal bonding. Conversely, M06-2X is a hybrid functional (Hybrid Meta-GGA, Rung 4) containing a high percentage (54%) of Hartree-Fock exchange, and is recommended for main-group thermochemistry, kinetics (barrier heights), and non-covalent interactions.","A new local density functional for main-group thermochemistry transition.pdf, The M06 suite of density functionals for main group thermochemistry.pdf, Thirty years of density functional theory in.pdf"
Q3.1v1,"Regarding computational efficiency and chemical applicability, how does the local functional M06-L differ from the hybrid functional M06-2X, particularly concerning transition metal systems versus main-group thermochemistry?","The M06-L functional is a local functional (Meta-GGA, Rung 3), which offers computational cost advantages for large systems. It was specifically designed and recommended for systems involving transition metal bonding. Conversely, M06-2X is a hybrid functional (Hybrid Meta-GGA, Rung 4) containing a high percentage (54%) of Hartree-Fock exchange, and is recommended for main-group thermochemistry, kinetics (barrier heights), and non-covalent interactions.","A new local density functional for main-group thermochemistry transition.pdf, The M06 suite of density functionals for main group thermochemistry.pdf, Thirty years of density functional theory in.pdf"
Q3.1v2,"Which of the two Minnesota functionals, M06-L or M06-2X, is recommended for transition metal bonding, and how do their computational scaling behaviors compare (e.g., N 
3
  vs N 
4
 )?","The M06-L functional is a local functional (Meta-GGA, Rung 3), which offers computational cost advantages for large systems. It was specifically designed and recommended for systems involving transition metal bonding. Conversely, M06-2X is a hybrid functional (Hybrid Meta-GGA, Rung 4) containing a high percentage (54%) of Hartree-Fock exchange, and is recommended for main-group thermochemistry, kinetics (barrier heights), and non-covalent interactions.","A new local density functional for main-group thermochemistry transition.pdf, The M06 suite of density functionals for main group thermochemistry.pdf, Thirty years of density functional theory in.pdf"
Q3.2v0,"Considering that the Rung 4.0 Hybrid functional B3LYP is conceptually derived from, or structurally related to, the B3PW91 functional, what is its comprehensive overall performance score, measured by the WTMAD-2 (kcal mol⁻¹) metric, when evaluated on the large GMTKN55 database, specifically when paired with the D3(BJ) dispersion correction?","The Rung 4.0 Hybrid functional B3LYP, when combined with the D3(BJ) dispersion correction, was tested on the exhaustive GMTKN55 benchmark database, which uses the Weighted Total Mean Absolute Deviation (WTMAD-2) in kcal mol⁻¹ as a metric for overall performance. The reported WTMAD-2 value for this specific method, B3LYP-D3(BJ), is 6.01 kcal mol⁻¹",A look at the density functional theory zoo with the advanced GMTKN55 database for general main group thermochemistry kinetics and noncovalent interactions.pdf
Q3.2v1,What WTMAD-2 value (in kcal mol⁻¹) does the global hybrid functional B3LYP-D3(BJ) achieve across the entire GMTKN55 database?,"The Rung 4.0 Hybrid functional B3LYP, when combined with the D3(BJ) dispersion correction, was tested on the exhaustive GMTKN55 benchmark database, which uses the Weighted Total Mean Absolute Deviation (WTMAD-2) in kcal mol⁻¹ as a metric for overall performance. The reported WTMAD-2 value for this specific method, B3LYP-D3(BJ), is 6.01 kcal mol⁻¹",A look at the density functional theory zoo with the advanced GMTKN55 database for general main group thermochemistry kinetics and noncovalent interactions.pdf
Q3.2v2,Quantify the overall performance of B3LYP combined with the D3(BJ) dispersion correction on the GMTKN55 suite using the WTMAD-2 metric.,"The Rung 4.0 Hybrid functional B3LYP, when combined with the D3(BJ) dispersion correction, was tested on the exhaustive GMTKN55 benchmark database, which uses the Weighted Total Mean Absolute Deviation (WTMAD-2) in kcal mol⁻¹ as a metric for overall performance. The reported WTMAD-2 value for this specific method, B3LYP-D3(BJ), is 6.01 kcal mol⁻¹",A look at the density functional theory zoo with the advanced GMTKN55 database for general main group thermochemistry kinetics and noncovalent interactions.pdf
Q3.3v0,"Compare the accuracy of the GGA functional PBE (Rung 2.0) on the small configuration energy benchmark SCONF using the Mean Absolute Deviation (MAD) in kcal mol⁻¹, when employing the legacy D3(BJ)-ATM dispersion correction versus the newer D4-ATM dispersion correction.","The PBE functional exhibits slightly different Mean Absolute Deviation (MAD) performance on the SCONF benchmark set depending on the dispersion correction used. When utilizing the D3(BJ)-ATM correction, the MAD is 0.78 kcal mol⁻¹. However, when using the newer D4-ATM correction, the MAD increases slightly to 0.88 kcal mol⁻¹","A generally applicable atomic-charge dependent London dispersion correction.pdf
"
Q3.3v1,"For the SCONF benchmark set, how does the Mean Absolute Deviation (MAD) of PBE-D4-ATM compare to that of PBE-D3(BJ)-ATM?","The PBE functional exhibits slightly different Mean Absolute Deviation (MAD) performance on the SCONF benchmark set depending on the dispersion correction used. When utilizing the D3(BJ)-ATM correction, the MAD is 0.78 kcal mol⁻¹. However, when using the newer D4-ATM correction, the MAD increases slightly to 0.88 kcal mol⁻¹","A generally applicable atomic-charge dependent London dispersion correction.pdf
"
Q3.3v2,Report the MAD values (kcal mol⁻¹) for the PBE functional on the SCONF configuration energy set using both the D3(BJ)-ATM and D4-ATM dispersion corrections.,"The PBE functional exhibits slightly different Mean Absolute Deviation (MAD) performance on the SCONF benchmark set depending on the dispersion correction used. When utilizing the D3(BJ)-ATM correction, the MAD is 0.78 kcal mol⁻¹. However, when using the newer D4-ATM correction, the MAD increases slightly to 0.88 kcal mol⁻¹","A generally applicable atomic-charge dependent London dispersion correction.pdf
"
Q3.4v0,"Given that the Hybrid functional PBE0 is listed as a refinement of the Generalized Gradient Approximation (GGA) functional PBE, compare the Mean Absolute Deviation (MAD) in picometers (pm) for both methods on the small geometry benchmark set LMGB35 when using the advanced D4-ATM dispersion correction.","Comparing PBE and its hybrid refinement PBE0 on the LMGB35 geometry benchmark reveals that the hybridization step improves geometric accuracy when using the D4-ATM correction. The base functional, PBE-D4-ATM, yields a Mean Absolute Deviation (MAD) of 0.9 pm. Conversely, the hybrid functional, PBE0-D4-ATM, achieves a better MAD value of 0.7 pm","A generally applicable atomic-charge dependent London dispersion correction.pdf, Improving the Accuracy of Hybrid Meta-GGA Density Functionals by Range Separation.pdf, Thirty years of density functional theory in computational chemistry: an overview and extensive assessment of 200 density functionals.pdf"
Q3.4v1,"Using the D4-ATM dispersion correction, what are the Mean Absolute Deviations (in pm) for PBE and PBE0 on the LMGB35 geometry benchmark?","Comparing PBE and its hybrid refinement PBE0 on the LMGB35 geometry benchmark reveals that the hybridization step improves geometric accuracy when using the D4-ATM correction. The base functional, PBE-D4-ATM, yields a Mean Absolute Deviation (MAD) of 0.9 pm. Conversely, the hybrid functional, PBE0-D4-ATM, achieves a better MAD value of 0.7 pm","A generally applicable atomic-charge dependent London dispersion correction.pdf, Improving the Accuracy of Hybrid Meta-GGA Density Functionals by Range Separation.pdf, Thirty years of density functional theory in computational chemistry: an overview and extensive assessment of 200 density functionals.pdf"
Q3.4v2,How does the hybrid functional PBE0-D4-ATM compare to the GGA functional PBE-D4-ATM in terms of accuracy (MAD in pm) for the light main-group bond length set LMGB35?,"Comparing PBE and its hybrid refinement PBE0 on the LMGB35 geometry benchmark reveals that the hybridization step improves geometric accuracy when using the D4-ATM correction. The base functional, PBE-D4-ATM, yields a Mean Absolute Deviation (MAD) of 0.9 pm. Conversely, the hybrid functional, PBE0-D4-ATM, achieves a better MAD value of 0.7 pm","A generally applicable atomic-charge dependent London dispersion correction.pdf, Improving the Accuracy of Hybrid Meta-GGA Density Functionals by Range Separation.pdf, Thirty years of density functional theory in computational chemistry: an overview and extensive assessment of 200 density functionals.pdf"
Q3.5v0,"The original VSXC functional was noted to violate the Uniform-Electron-Gas (UEG) limit; how did its successor, M06-L, approach this constraint, and what was the justification for this change?","The original VSXC functional violated the UEG limit in its parameterization to achieve better empirical performance for atomic and molecular systems. In contrast, the newer M06-L functional, which combines forms derived from VSXC and M05, was parameterized to enforce the UEG limit. This constraint was applied because the resulting M06-L functional form proved flexible enough that enforcing the UEG limit did not degrade performance for molecular systems, allowing it to maintain broad accuracy.","A new local density functional for main-group thermochemistry transition.pdf, The M06 suite of density functionals for main group thermochemistry.pdf, Exchange-correlation functional with broad accuracy for metallic and.pdf"
Q3.5v1,"Unlike its predecessor VSXC, how does the M06-L functional handle the uniform-electron-gas (UEG) limit, and why was this constraint enforced?","The original VSXC functional violated the UEG limit in its parameterization to achieve better empirical performance for atomic and molecular systems. In contrast, the newer M06-L functional, which combines forms derived from VSXC and M05, was parameterized to enforce the UEG limit. This constraint was applied because the resulting M06-L functional form proved flexible enough that enforcing the UEG limit did not degrade performance for molecular systems, allowing it to maintain broad accuracy.","A new local density functional for main-group thermochemistry transition.pdf, The M06 suite of density functionals for main group thermochemistry.pdf, Exchange-correlation functional with broad accuracy for metallic and.pdf"
Q3.5v2," What specific constraint regarding the uniform electron gas did M06-L enforce that VSXC violated, and what was the rationale for this modification?","The original VSXC functional violated the UEG limit in its parameterization to achieve better empirical performance for atomic and molecular systems. In contrast, the newer M06-L functional, which combines forms derived from VSXC and M05, was parameterized to enforce the UEG limit. This constraint was applied because the resulting M06-L functional form proved flexible enough that enforcing the UEG limit did not degrade performance for molecular systems, allowing it to maintain broad accuracy.","A new local density functional for main-group thermochemistry transition.pdf, The M06 suite of density functionals for main group thermochemistry.pdf, Exchange-correlation functional with broad accuracy for metallic and.pdf"
Q3.6v0,Calculate the difference in Mean Unsigned Error (MUE) in kcal/mol for the Rung 4.0 functional M06-2X when comparing its performance on the difficult reaction cases benchmark DC10 versus its performance on the relatively easier alkyl bond dissociation energies benchmark ABDE4/05.,"The M06-2X functional performs significantly better on the ABDE4/05 benchmark compared to the challenging DC10 set. The Mean Unsigned Error (MUE) for M06-2X on ABDE4/05 is 0.74 kcal/mol. In contrast, the MUE for M06-2X on the DC10 benchmark (difficult cases) is substantially higher at 7.9 kcal/mol. This represents an accuracy difference of 7.16 kcal/mol (7.9 - 0.74).","The M06 suite of density functionals for main group thermochemistry.pdf, Exploring the Limit of Accuracy of the Global Hybrid Meta Density Functional for Main-Group Thermochemistry, Kinetics, and Noncovalent Interactions.pdf"
Q3.6v1,Determine the difference in MUE (kcal/mol) for M06-2X between the DC10 difficult reaction set and the ABDE4/05 alkyl bond dissociation set.,"The M06-2X functional performs significantly better on the ABDE4/05 benchmark compared to the challenging DC10 set. The Mean Unsigned Error (MUE) for M06-2X on ABDE4/05 is 0.74 kcal/mol. In contrast, the MUE for M06-2X on the DC10 benchmark (difficult cases) is substantially higher at 7.9 kcal/mol. This represents an accuracy difference of 7.16 kcal/mol (7.9 - 0.74).","The M06 suite of density functionals for main group thermochemistry.pdf, Exploring the Limit of Accuracy of the Global Hybrid Meta Density Functional for Main-Group Thermochemistry, Kinetics, and Noncovalent Interactions.pdf"
Q3.6v2,By how much does the Mean Unsigned Error of M06-2X on the DC10 database exceed its error on the ABDE4/05 database?,"The M06-2X functional performs significantly better on the ABDE4/05 benchmark compared to the challenging DC10 set. The Mean Unsigned Error (MUE) for M06-2X on ABDE4/05 is 0.74 kcal/mol. In contrast, the MUE for M06-2X on the DC10 benchmark (difficult cases) is substantially higher at 7.9 kcal/mol. This represents an accuracy difference of 7.16 kcal/mol (7.9 - 0.74).","The M06 suite of density functionals for main group thermochemistry.pdf, Exploring the Limit of Accuracy of the Global Hybrid Meta Density Functional for Main-Group Thermochemistry, Kinetics, and Noncovalent Interactions.pdf"
Q3.7v0,"For practical calculations, why must a user exercise more caution regarding the integration grid size when employing the M06-L functional compared to the TPSS functional, both being meta-GGAs?","The M06-L functional utilizes VSXC-type internal correlation functions (ICFs), which are known to cause significant grid sensitivity and numerical instability, especially for weakly interacting systems. Due to these deficiencies, M06-L often requires extremely fine integration grids (e.g., (99,590) or larger) to achieve acceptable accuracy. In contrast, the TPSS-D3(BJ) functional is generally better behaved and may only be slightly more sensitive to the grid than GGAs, achieving convergence for typical non-covalent energy sets (NC15) at standard grid sizes.",A thorough benchmark of density functional methods for general main.pdf
Q3.7v1,"Why is the M06-L functional reported to be more sensitive to integration grid size than TPSS, and which functional component is responsible for this behavior?","The M06-L functional utilizes VSXC-type internal correlation functions (ICFs), which are known to cause significant grid sensitivity and numerical instability, especially for weakly interacting systems. Due to these deficiencies, M06-L often requires extremely fine integration grids (e.g., (99,590) or larger) to achieve acceptable accuracy. In contrast, the TPSS-D3(BJ) functional is generally better behaved and may only be slightly more sensitive to the grid than GGAs, achieving convergence for typical non-covalent energy sets (NC15) at standard grid sizes.",A thorough benchmark of density functional methods for general main.pdf
Q3.7v2,"Comparing M06-L and TPSS, which meta-GGA exhibits greater grid sensitivity, and what feature of its formulation (related to VSXC) causes this?","The M06-L functional utilizes VSXC-type internal correlation functions (ICFs), which are known to cause significant grid sensitivity and numerical instability, especially for weakly interacting systems. Due to these deficiencies, M06-L often requires extremely fine integration grids (e.g., (99,590) or larger) to achieve acceptable accuracy. In contrast, the TPSS-D3(BJ) functional is generally better behaved and may only be slightly more sensitive to the grid than GGAs, achieving convergence for typical non-covalent energy sets (NC15) at standard grid sizes.",A thorough benchmark of density functional methods for general main.pdf
Q3.8v0,"Compare the accuracy, measured by the Mean Absolute Deviation (MAD) in kcal mol⁻¹, of the Double-Hybrid functional DSD-BLYP (Rung 5.0) against the Hybrid functional PW6B95 (Rung 4.0), both using the D4(TB)-ATM dispersion correction, when evaluated on the NCI (Noncovalent Interactions) benchmark set."," On the Noncovalent Interactions (NCI) benchmark set, the higher-rung Double-Hybrid method demonstrates better accuracy than the Hybrid functional evaluated. The DSD-BLYP-D4(TB)-ATM combination achieved a Mean Absolute Deviation (MAD) of 3.09 kcal mol⁻¹. The PW6B95-D4(TB)-ATM combination showed a greater error, reporting an MAD of 5.38 kcal mol⁻¹","A generally applicable atomic-charge dependent London dispersion correction.pdf, Efficient and Accurate Double-Hybrid-Meta-GGA Density Functionals: Evaluation with the Extended GMTKN30 Database for General Main Group Thermochemistry, Kinetics, and Noncovalent Interactions.pdf"
Q3.8v1,"Using the WTMAD-2 metric on the GMTKN55 NCI subsets, how does the performance of DSD-BLYP-D4(TB)-ATM compare to that of PW6B95-D4(TB)-ATM?"," On the Noncovalent Interactions (NCI) benchmark set, the higher-rung Double-Hybrid method demonstrates better accuracy than the Hybrid functional evaluated. The DSD-BLYP-D4(TB)-ATM combination achieved a Mean Absolute Deviation (MAD) of 3.09 kcal mol⁻¹. The PW6B95-D4(TB)-ATM combination showed a greater error, reporting an MAD of 5.38 kcal mol⁻¹","A generally applicable atomic-charge dependent London dispersion correction.pdf, Efficient and Accurate Double-Hybrid-Meta-GGA Density Functionals: Evaluation with the Extended GMTKN30 Database for General Main Group Thermochemistry, Kinetics, and Noncovalent Interactions.pdf"
Q3.8v2,Report the WTMAD-2 values (kcal/mol) for the DSD-BLYP and PW6B95 functionals combined with D4(TB)-ATM when tested against the noncovalent interaction benchmarks.," On the Noncovalent Interactions (NCI) benchmark set, the higher-rung Double-Hybrid method demonstrates better accuracy than the Hybrid functional evaluated. The DSD-BLYP-D4(TB)-ATM combination achieved a Mean Absolute Deviation (MAD) of 3.09 kcal mol⁻¹. The PW6B95-D4(TB)-ATM combination showed a greater error, reporting an MAD of 5.38 kcal mol⁻¹","A generally applicable atomic-charge dependent London dispersion correction.pdf, Efficient and Accurate Double-Hybrid-Meta-GGA Density Functionals: Evaluation with the Extended GMTKN30 Database for General Main Group Thermochemistry, Kinetics, and Noncovalent Interactions.pdf"
Q3.9v0,"Compare the predicted dissociation energy (DE) in kcal/mol for the H₂ molecule when calculated using the fundamental method LSD (Local Spin Density, related to LDA Rung 1.0) versus the wavefunction method UHF (Unrestricted Hartree-Fock).","When calculating the dissociation energy (DE) for the H₂ molecule, the LSD approximation (a Rung 1.0 functional) yields a value of 105.0 kcal/mol. In comparison, the UHF method produces a significantly smaller value of 84.0 kcal/mol. The LSD result is closer to the experimental value of 109.0 kcal/mol, showcasing the overbinding tendency typical of early Density Functional Theory approximations","Density-functional thermochemistry. III. The role of exact exchange.pdf, Generalized Gradient Approximation Made Simple.pdf
"
Q3.9v1,"What are the calculated dissociation energies (kcal/mol) for H₂ using the LSD and UHF methods, and how do they compare?","When calculating the dissociation energy (DE) for the H₂ molecule, the LSD approximation (a Rung 1.0 functional) yields a value of 105.0 kcal/mol. In comparison, the UHF method produces a significantly smaller value of 84.0 kcal/mol. The LSD result is closer to the experimental value of 109.0 kcal/mol, showcasing the overbinding tendency typical of early Density Functional Theory approximations","Density-functional thermochemistry. III. The role of exact exchange.pdf, Generalized Gradient Approximation Made Simple.pdf
"
Q3.9v2,Contrast the H₂ dissociation energy predictions of the Local Spin Density (LSD) approximation and the Unrestricted Hartree-Fock (UHF) method.,"When calculating the dissociation energy (DE) for the H₂ molecule, the LSD approximation (a Rung 1.0 functional) yields a value of 105.0 kcal/mol. In comparison, the UHF method produces a significantly smaller value of 84.0 kcal/mol. The LSD result is closer to the experimental value of 109.0 kcal/mol, showcasing the overbinding tendency typical of early Density Functional Theory approximations","Density-functional thermochemistry. III. The role of exact exchange.pdf, Generalized Gradient Approximation Made Simple.pdf
"
Q3.10v0,"Using the Mean Absolute Deviation (MAD) in kcal mol⁻¹ as the metric, how does the non-damped DFT-D3 correction compare to the Becke-Johnson damped DFT-D3(BJ) correction when assessing the reaction barrier height database BH76","When assessing the performance of dispersion corrections on the BH76 reaction barrier height benchmark, the two D3 variations yield very similar results. The Mean Absolute Deviation (MAD) for the standard D3 correction is 6.64 kcal mol⁻¹, while the MAD for the D3(BJ) correction is marginally higher at 6.77 kcal mol⁻¹","Effect of the Damping Function in Dispersion Corrected Density Functional Theory DFT-D3.pdf, A Consistent and Accurate Ab Initio Parametrization of Density Functional Dispersion Correction (DFT-D) for the 94 Elements H-Pu.pdf"
Q3.10v1,"For the BH76 barrier height database, what are the averaged MAD values for DFT-D3 and DFT-D3(BJ), and which correction yields a lower error?","When assessing the performance of dispersion corrections on the BH76 reaction barrier height benchmark, the two D3 variations yield very similar results. The Mean Absolute Deviation (MAD) for the standard D3 correction is 6.64 kcal mol⁻¹, while the MAD for the D3(BJ) correction is marginally higher at 6.77 kcal mol⁻¹","Effect of the Damping Function in Dispersion Corrected Density Functional Theory DFT-D3.pdf, A Consistent and Accurate Ab Initio Parametrization of Density Functional Dispersion Correction (DFT-D) for the 94 Elements H-Pu.pdf"
Q3.10v2,How do the Mean Absolute Deviations of the zero-damped DFT-D3 and BJ-damped DFT-D3(BJ) corrections compare on the BH76 benchmark set?,"When assessing the performance of dispersion corrections on the BH76 reaction barrier height benchmark, the two D3 variations yield very similar results. The Mean Absolute Deviation (MAD) for the standard D3 correction is 6.64 kcal mol⁻¹, while the MAD for the D3(BJ) correction is marginally higher at 6.77 kcal mol⁻¹","Effect of the Damping Function in Dispersion Corrected Density Functional Theory DFT-D3.pdf, A Consistent and Accurate Ab Initio Parametrization of Density Functional Dispersion Correction (DFT-D) for the 94 Elements H-Pu.pdf"
Q4.1v0,"Why do comprehensive benchmark studies like GMTKN55 include separate recommendations for DHDFs (Double Hybrid Functionals, Rung 5) even though they are generally proven to be the most accurate class of methods?","Double Hybrid Functionals (DHDFs) consistently show the highest accuracy across broad benchmark tests like GMTKN30/55, adhering to the principles of Jacob's Ladder. However, they are listed separately because they introduce a significantly higher computational cost (scaling formally as $\mathcal{O}(N^5)$ or $\mathcal{O}(N^4)$ with special algorithms) due to the inclusion of a non-local perturbative correlation step. This high expense means DHDFs are often impractical for the large, complex systems where density fitting (RI) is necessary for efficiency, thus justifying the continued recommendation of cheaper, lower-rung methods for specific applications.","A_Consistent_and_Accurate_Ab_Initio_Parametrizatio.pdf, A thorough benchmark of density functional methods for general main.pdf, A look at the density functional theory zoo with.pdf"
Q4.1v1,"Since Double Hybrid Density Functionals (DHDFs) are identified as the most accurate class in the GMTKN55 study, what practical reason is given for still providing separate recommendations for lower-rung methods?","Double Hybrid Functionals (DHDFs) consistently show the highest accuracy across broad benchmark tests like GMTKN30/55, adhering to the principles of Jacob's Ladder. However, they are listed separately because they introduce a significantly higher computational cost (scaling formally as $\mathcal{O}(N^5)$ or $\mathcal{O}(N^4)$ with special algorithms) due to the inclusion of a non-local perturbative correlation step. This high expense means DHDFs are often impractical for the large, complex systems where density fitting (RI) is necessary for efficiency, thus justifying the continued recommendation of cheaper, lower-rung methods for specific applications.","A_Consistent_and_Accurate_Ab_Initio_Parametrizatio.pdf, A thorough benchmark of density functional methods for general main.pdf, A look at the density functional theory zoo with.pdf"
Q4.1v2,"Why does the GMTKN55 benchmark report advise users to consider lower-rung functionals, despite establishing that Rung 5 DHDFs are generally the most robust and accurate?","Double Hybrid Functionals (DHDFs) consistently show the highest accuracy across broad benchmark tests like GMTKN30/55, adhering to the principles of Jacob's Ladder. However, they are listed separately because they introduce a significantly higher computational cost (scaling formally as $\mathcal{O}(N^5)$ or $\mathcal{O}(N^4)$ with special algorithms) due to the inclusion of a non-local perturbative correlation step. This high expense means DHDFs are often impractical for the large, complex systems where density fitting (RI) is necessary for efficiency, thus justifying the continued recommendation of cheaper, lower-rung methods for specific applications.","A_Consistent_and_Accurate_Ab_Initio_Parametrizatio.pdf, A thorough benchmark of density functional methods for general main.pdf, A look at the density functional theory zoo with.pdf"
Q4.2v0,What is the core design philosophy difference that leads M06-L (Meta-GGA) to be preferred over M06-2X (Hybrid Meta-GGA) for modeling properties of very large molecular systems?,"The primary difference is the nature of non-locality and computational efficiency. M06-L is a local functional (Meta-GGA, 0% Hartree-Fock exchange) designed to capture dependence on kinetic energy density ($\tau_{\sigma}$). Because it is local, it allows specialized algorithms, such as density fitting (RI approximation), to achieve computational speeds tens or hundreds of times faster than nonlocal methods. Conversely, M06-2X is a hybrid functional (54% non-local exact exchange), making it computationally slower, though generally more accurate for properties like kinetics and non-covalent interactions where low self-interaction error is crucial.","A new local density functional for main-group thermochemistry transition.pdf, Exchange-correlation functional with broad accuracy for metallic and.pdf, The M06 suite of density functionals for main group thermochemistry.pdf, Thirty years of density functional theory in.pdf"
Q4.2v1,"For simulations of very large systems where computational cost is a factor, why is the local M06-L functional preferred over the nonlocal M06-2X functional?","The primary difference is the nature of non-locality and computational efficiency. M06-L is a local functional (Meta-GGA, 0% Hartree-Fock exchange) designed to capture dependence on kinetic energy density ($\tau_{\sigma}$). Because it is local, it allows specialized algorithms, such as density fitting (RI approximation), to achieve computational speeds tens or hundreds of times faster than nonlocal methods. Conversely, M06-2X is a hybrid functional (54% non-local exact exchange), making it computationally slower, though generally more accurate for properties like kinetics and non-covalent interactions where low self-interaction error is crucial.","A new local density functional for main-group thermochemistry transition.pdf, Exchange-correlation functional with broad accuracy for metallic and.pdf, The M06 suite of density functionals for main group thermochemistry.pdf, Thirty years of density functional theory in.pdf"
Q4.2v2,"What specific component is absent in M06-L but present in M06-2X, making M06-L more suitable for exploiting efficient algorithms like density fitting in large-scale calculations?","The primary difference is the nature of non-locality and computational efficiency. M06-L is a local functional (Meta-GGA, 0% Hartree-Fock exchange) designed to capture dependence on kinetic energy density ($\tau_{\sigma}$). Because it is local, it allows specialized algorithms, such as density fitting (RI approximation), to achieve computational speeds tens or hundreds of times faster than nonlocal methods. Conversely, M06-2X is a hybrid functional (54% non-local exact exchange), making it computationally slower, though generally more accurate for properties like kinetics and non-covalent interactions where low self-interaction error is crucial.","A new local density functional for main-group thermochemistry transition.pdf, Exchange-correlation functional with broad accuracy for metallic and.pdf, The M06 suite of density functionals for main group thermochemistry.pdf, Thirty years of density functional theory in.pdf"
Q4.3v0,"Given that the Rung 4.0 Hybrid functional PBE0 is defined as a refinement of the Rung 2.0 GGA functional PBE, how does the introduction of exact exchange (hybridization) affect the method's ability to accurately predict molecular rotation barriers on the ROT34 benchmark, specifically when both are evaluated with the D4-ATM dispersion correction?","The refinement of PBE to PBE0 successfully improves the prediction of rotational barriers on the ROT34 benchmark set when both methods are coupled with the D4-ATM correction. The base functional, PBE-D4-ATM, yields a Relative Mean Absolute Deviation (MAD) of 0.7%. In contrast, the hybrid functional, PBE0-D4-ATM, which includes exact exchange, achieves a superior Relative MAD of 0.5%. This demonstrates that the specific refinement used in PBE0 leads to a more accurate description of the energy landscape governing molecular rotations","A generally applicable atomic-charge dependent London dispersion correction.pdf, Improving the Accuracy of Hybrid Meta-GGA Density Functionals by Range Separation.pdf
"
Q4.3v1,"How does the performance of PBE0-D4-ATM compare to PBE-D4-ATM on the ROT34 benchmark, specifically regarding the tendency to overestimate molecular size?","The refinement of PBE to PBE0 successfully improves the prediction of rotational barriers on the ROT34 benchmark set when both methods are coupled with the D4-ATM correction. The base functional, PBE-D4-ATM, yields a Relative Mean Absolute Deviation (MAD) of 0.7%. In contrast, the hybrid functional, PBE0-D4-ATM, which includes exact exchange, achieves a superior Relative MAD of 0.5%. This demonstrates that the specific refinement used in PBE0 leads to a more accurate description of the energy landscape governing molecular rotations","A generally applicable atomic-charge dependent London dispersion correction.pdf, Improving the Accuracy of Hybrid Meta-GGA Density Functionals by Range Separation.pdf
"
Q4.3v2,"In terms of Relative Mean Absolute Deviation (MAD) for rotational constants on the ROT34 set, does the hybrid PBE0 functional improve upon the GGA PBE functional when both use D4-ATM?","The refinement of PBE to PBE0 successfully improves the prediction of rotational barriers on the ROT34 benchmark set when both methods are coupled with the D4-ATM correction. The base functional, PBE-D4-ATM, yields a Relative Mean Absolute Deviation (MAD) of 0.7%. In contrast, the hybrid functional, PBE0-D4-ATM, which includes exact exchange, achieves a superior Relative MAD of 0.5%. This demonstrates that the specific refinement used in PBE0 leads to a more accurate description of the energy landscape governing molecular rotations","A generally applicable atomic-charge dependent London dispersion correction.pdf, Improving the Accuracy of Hybrid Meta-GGA Density Functionals by Range Separation.pdf
"
Q4.4v0,"Why are the specialized benchmark data sets for noncovalent interactions, such as S22 and the more recent S66 databases, fundamental tools relied upon across the different research communities (Grimme, Truhlar, Hobza)?","These databases (S22, S66, S66x8) serve as the high-quality, non-empirical reference standard (typically derived from estimated CCSD(T)/CBS calculations) required for parameterizing and validating new quantum chemical methods, particularly in the domain of weak correlation-driven effects (noncovalent interactions, NCIs). Their interaction energies are considered accurate enough (expected errors below 3% for S66) to test methods robustly. Furthermore, their incorporation into large-scale validation platforms like GMTKN and the Minnesota databases links the work of various development groups.","A new local density functional for main-group thermochemistry transition.pdf, Exchange-correlation functional with broad accuracy for metallic and.pdf, S66 A Well-balanced Database of Benchmark Interaction Energies.pdf, A_Consistent_and_Accurate_Ab_Initio_Parametrizatio.pdf, A thorough benchmark of density functional methods for general main.pdf"
Q4.4v1,What specific features of the S22 and S66 databases make them critical reference sets for parameterizing and validating new quantum chemical methods for noncovalent interactions?,"These databases (S22, S66, S66x8) serve as the high-quality, non-empirical reference standard (typically derived from estimated CCSD(T)/CBS calculations) required for parameterizing and validating new quantum chemical methods, particularly in the domain of weak correlation-driven effects (noncovalent interactions, NCIs). Their interaction energies are considered accurate enough (expected errors below 3% for S66) to test methods robustly. Furthermore, their incorporation into large-scale validation platforms like GMTKN and the Minnesota databases links the work of various development groups.","A new local density functional for main-group thermochemistry transition.pdf, Exchange-correlation functional with broad accuracy for metallic and.pdf, S66 A Well-balanced Database of Benchmark Interaction Energies.pdf, A_Consistent_and_Accurate_Ab_Initio_Parametrizatio.pdf, A thorough benchmark of density functional methods for general main.pdf"
Q4.4v2,Why are the S22 and S66 data sets considered essential benchmarks for bioorganic systems across various computational chemistry research groups?,"These databases (S22, S66, S66x8) serve as the high-quality, non-empirical reference standard (typically derived from estimated CCSD(T)/CBS calculations) required for parameterizing and validating new quantum chemical methods, particularly in the domain of weak correlation-driven effects (noncovalent interactions, NCIs). Their interaction energies are considered accurate enough (expected errors below 3% for S66) to test methods robustly. Furthermore, their incorporation into large-scale validation platforms like GMTKN and the Minnesota databases links the work of various development groups.","A new local density functional for main-group thermochemistry transition.pdf, Exchange-correlation functional with broad accuracy for metallic and.pdf, S66 A Well-balanced Database of Benchmark Interaction Energies.pdf, A_Consistent_and_Accurate_Ab_Initio_Parametrizatio.pdf, A thorough benchmark of density functional methods for general main.pdf"
Q4.5v0,"The D4-ATM correction refines the D3(BJ)-ATM correction. Does this hierarchical refinement guarantee improved or equal performance across various functional classes (e.g., GGA like PBE, or Hybrid like B3LYP and TPSS) when tested on the accuracy of noncovalent interaction energies using the S66 benchmark set (measured via Relative MAD)?","Yes, for the density functionals PBE, B3LYP, and TPSS evaluated on the S66 noncovalent benchmark set, the refinement from D3(BJ)-ATM to D4-ATM consistently leads to an equal or improved relative accuracy. For instance, the Relative MAD for the PBE functional improves from 0.9% (with D3(BJ)-ATM) to 0.8% (with D4-ATM). Similarly, the Relative MAD for both B3LYP and TPSS improves from 1.0% to 0.9% upon switching to the D4-ATM correction","A generally applicable atomic-charge dependent London dispersion correction.pdf
"
Q4.5v1," When analyzing the S66 benchmark for noncovalent equilibrium geometries, does D4-ATM consistently outperform D3(BJ)-ATM for all tested functionals (PBE, TPSS, PBE0), or are the results sometimes comparable?","Yes, for the density functionals PBE, B3LYP, and TPSS evaluated on the S66 noncovalent benchmark set, the refinement from D3(BJ)-ATM to D4-ATM consistently leads to an equal or improved relative accuracy. For instance, the Relative MAD for the PBE functional improves from 0.9% (with D3(BJ)-ATM) to 0.8% (with D4-ATM). Similarly, the Relative MAD for both B3LYP and TPSS improves from 1.0% to 0.9% upon switching to the D4-ATM correction","A generally applicable atomic-charge dependent London dispersion correction.pdf
"
Q4.5v2," Is the D4-ATM model strictly superior to D3(BJ)-ATM in terms of Relative MAD on the S66 data set for all functional classes, or does it perform equally well for some standard DFAs?","Yes, for the density functionals PBE, B3LYP, and TPSS evaluated on the S66 noncovalent benchmark set, the refinement from D3(BJ)-ATM to D4-ATM consistently leads to an equal or improved relative accuracy. For instance, the Relative MAD for the PBE functional improves from 0.9% (with D3(BJ)-ATM) to 0.8% (with D4-ATM). Similarly, the Relative MAD for both B3LYP and TPSS improves from 1.0% to 0.9% upon switching to the D4-ATM correction","A generally applicable atomic-charge dependent London dispersion correction.pdf
"
Q4.6v0,"How does the sequential evolution of the dispersion correction models, from DFT-D3 to DFT-D4, fundamentally change the way dispersion is treated for complex systems?","The evolution shifts the model from a basic geometry-dependent correction to one that is also charge-dependent. DFT-D3 introduced fractional coordination numbers (CN) to interpolate dispersion coefficients based on the local chemical environment (geometry). DFT-D4 retains the CN concept but further introduces charge dependence by using system-specific charge- and geometry-dependent atom-in-molecule polarizabilities ($\alpha_A(i\omega)$). This implicit inclusion of partial charge effects results in consistent improvement for systems with charge transfer or metallic bonds, such as transition metal compounds (e.g., TOMC6 benchmark set).","A generally applicable atomic-charge.pdf, A_Consistent_and_Accurate_Ab_Initio_Parametrizatio.pdf, Effect of the Damping Function in Dispersion Corrected.pdf"
Q4.6v1,What major conceptual advancement distinguishes the D4 dispersion model from the D3 model regarding the dependence of dispersion coefficients on the electronic environment?,"The evolution shifts the model from a basic geometry-dependent correction to one that is also charge-dependent. DFT-D3 introduced fractional coordination numbers (CN) to interpolate dispersion coefficients based on the local chemical environment (geometry). DFT-D4 retains the CN concept but further introduces charge dependence by using system-specific charge- and geometry-dependent atom-in-molecule polarizabilities ($\alpha_A(i\omega)$). This implicit inclusion of partial charge effects results in consistent improvement for systems with charge transfer or metallic bonds, such as transition metal compounds (e.g., TOMC6 benchmark set).","A generally applicable atomic-charge.pdf, A_Consistent_and_Accurate_Ab_Initio_Parametrizatio.pdf, Effect of the Damping Function in Dispersion Corrected.pdf"
Q4.6v2,How does the DFT-D4 method utilize atomic partial charges to improve upon the geometry-based coordination numbers used in DFT-D3?,"The evolution shifts the model from a basic geometry-dependent correction to one that is also charge-dependent. DFT-D3 introduced fractional coordination numbers (CN) to interpolate dispersion coefficients based on the local chemical environment (geometry). DFT-D4 retains the CN concept but further introduces charge dependence by using system-specific charge- and geometry-dependent atom-in-molecule polarizabilities ($\alpha_A(i\omega)$). This implicit inclusion of partial charge effects results in consistent improvement for systems with charge transfer or metallic bonds, such as transition metal compounds (e.g., TOMC6 benchmark set).","A generally applicable atomic-charge.pdf, A_Consistent_and_Accurate_Ab_Initio_Parametrizatio.pdf, Effect of the Damping Function in Dispersion Corrected.pdf"
Q4.7v0,Why did the limitations in the design of popular benchmark sets like S22 necessitate the creation of more balanced databases like S66 for non-covalent interaction studies?,"The original S22 database focused heavily on nucleic acid base interactions and was predominantly composed of stacked aromatic complexes and hydrogen-bonded dimers. This narrow focus meant that functionals parameterized exclusively on S22, despite being accurate for DNA/RNA systems, often failed dramatically to describe interactions involving aliphatic hydrocarbon groups (aliphatic-aliphatic dispersion). The S66 set was designed to correct this imbalance by including a full cross-section of interaction types (aromatic–aromatic, aliphatic–aliphatic, aromatic–aliphatic) to ensure broader applicability for bio-organic systems.","Exchange-correlation functional with broad accuracy for metallic and.pdf, A_Consistent_and_Accurate_Ab_Initio_Parametrizatio.pdf, S66 A Well-balanced Database of Benchmark Interaction Energies.pdf"
Q4.7v1,"Which specific interaction motifs were underrepresented in the S22 database, prompting the development of the more balanced S66 set?","The original S22 database focused heavily on nucleic acid base interactions and was predominantly composed of stacked aromatic complexes and hydrogen-bonded dimers. This narrow focus meant that functionals parameterized exclusively on S22, despite being accurate for DNA/RNA systems, often failed dramatically to describe interactions involving aliphatic hydrocarbon groups (aliphatic-aliphatic dispersion). The S66 set was designed to correct this imbalance by including a full cross-section of interaction types (aromatic–aromatic, aliphatic–aliphatic, aromatic–aliphatic) to ensure broader applicability for bio-organic systems.","Exchange-correlation functional with broad accuracy for metallic and.pdf, A_Consistent_and_Accurate_Ab_Initio_Parametrizatio.pdf, S66 A Well-balanced Database of Benchmark Interaction Energies.pdf"
Q4.7v2,"In terms of chemical composition and interaction types (e.g., aliphatic vs. aromatic), how does the S66 benchmark set address the biases found in the earlier S22 set?","The original S22 database focused heavily on nucleic acid base interactions and was predominantly composed of stacked aromatic complexes and hydrogen-bonded dimers. This narrow focus meant that functionals parameterized exclusively on S22, despite being accurate for DNA/RNA systems, often failed dramatically to describe interactions involving aliphatic hydrocarbon groups (aliphatic-aliphatic dispersion). The S66 set was designed to correct this imbalance by including a full cross-section of interaction types (aromatic–aromatic, aliphatic–aliphatic, aromatic–aliphatic) to ensure broader applicability for bio-organic systems.","Exchange-correlation functional with broad accuracy for metallic and.pdf, A_Consistent_and_Accurate_Ab_Initio_Parametrizatio.pdf, S66 A Well-balanced Database of Benchmark Interaction Energies.pdf"
Q4.8v0,"Why are certain modern, highly parameterized functionals prone to high numerical grid sensitivity (e.g., M06-L or PWPB95-D3), which complicates their practical application?","High grid sensitivity is often traced back to specific functional components. M06-L's sensitivity stems from its use of VSXC-type internal correlation functions (ICFs), which have been shown to cause numerical instability in the original VSXC functional. Similarly, the severe and potentially problematic oscillatory behavior (wildly oscillating potential energy curves) observed in the PWPB95 double-hybrid functional is specifically attributed to its inclusion of the B95 correlation functional. These features necessitate the use of extremely fine integration grids (e.g., (99,590)) to achieve reliable convergence.","A new local density functional for main-group thermochemistry transition.pdf, A thorough benchmark of density functional methods for general main.pdf, Thirty years of density functional theory in.pdf"
Q4.8v1," Which specific functional components (e.g., VSXC-type enhancement factors or B95 correlation) are identified as the cause of the high integration grid sensitivity observed in functionals like M06-L and PW6B95?","High grid sensitivity is often traced back to specific functional components. M06-L's sensitivity stems from its use of VSXC-type internal correlation functions (ICFs), which have been shown to cause numerical instability in the original VSXC functional. Similarly, the severe and potentially problematic oscillatory behavior (wildly oscillating potential energy curves) observed in the PWPB95 double-hybrid functional is specifically attributed to its inclusion of the B95 correlation functional. These features necessitate the use of extremely fine integration grids (e.g., (99,590)) to achieve reliable convergence.","A new local density functional for main-group thermochemistry transition.pdf, A thorough benchmark of density functional methods for general main.pdf, Thirty years of density functional theory in.pdf"
Q4.8v2,"For functionals such as M06 and PW6B95, what numerical issue arises when using standard integration grids, and which variables (e.g., kinetic energy density) are responsible?","High grid sensitivity is often traced back to specific functional components. M06-L's sensitivity stems from its use of VSXC-type internal correlation functions (ICFs), which have been shown to cause numerical instability in the original VSXC functional. Similarly, the severe and potentially problematic oscillatory behavior (wildly oscillating potential energy curves) observed in the PWPB95 double-hybrid functional is specifically attributed to its inclusion of the B95 correlation functional. These features necessitate the use of extremely fine integration grids (e.g., (99,590)) to achieve reliable convergence.","A new local density functional for main-group thermochemistry transition.pdf, A thorough benchmark of density functional methods for general main.pdf, Thirty years of density functional theory in.pdf"
Q4.9v0,"Why does the Doubly Hybrid functional DSD-BLYP (Rung 5.0) achieve a significantly lower Weighted Total Mean Absolute Deviation (WTMAD-2) on the GMTKN55 NCIs benchmark compared to the Rung 4.0 Hybrid functional PW6B95, when both are combined with the D4-ATM dispersion correction?","The DSD-BLYP functional, classified as a higher-rung Double Hybrid (DHDF), fundamentally incorporates a portion of MP2-like correlation energy, which is critical for describing dispersion and noncovalent interactions accurately. This methodological difference explains its superior performance compared to the Hybrid functional PW6B95. On the GMTKN55 NCIs benchmark, DSD-BLYP-D4-ATM achieves a WTMAD-2 of 3.23 kcal mol⁻¹. In contrast, the PW6B95-D4-ATM combination reports a substantially higher error, with a WTMAD-2 of 5.29 kcal mol⁻¹. The introduction of wave function theory components in the Double Hybrid model significantly enhances accuracy for these specific weak interaction calculations","A generally applicable atomic-charge dependent London dispersion correction.pdf, A look at the density functional theory zoo with the advanced GMTKN55 database for general main group thermochemistry kinetics and noncovalent interactions.pdf, Efficient and Accurate Double-Hybrid-Meta-GGA Density Functionals: Evaluation with the Extended GMTKN30 Database for General Main Group Thermochemistry, Kinetics, and Noncovalent Interactions.pdf
"
Q4.9v1," Based on the WTMAD-2 metrics reported for the GMTKN55 NCI subsets, how does the performance of the double-hybrid DSD-BLYP-D4-ATM compare to the hybrid PW6B95-D4-ATM?","The DSD-BLYP functional, classified as a higher-rung Double Hybrid (DHDF), fundamentally incorporates a portion of MP2-like correlation energy, which is critical for describing dispersion and noncovalent interactions accurately. This methodological difference explains its superior performance compared to the Hybrid functional PW6B95. On the GMTKN55 NCIs benchmark, DSD-BLYP-D4-ATM achieves a WTMAD-2 of 3.23 kcal mol⁻¹. In contrast, the PW6B95-D4-ATM combination reports a substantially higher error, with a WTMAD-2 of 5.29 kcal mol⁻¹. The introduction of wave function theory components in the Double Hybrid model significantly enhances accuracy for these specific weak interaction calculations","A generally applicable atomic-charge dependent London dispersion correction.pdf, A look at the density functional theory zoo with the advanced GMTKN55 database for general main group thermochemistry kinetics and noncovalent interactions.pdf, Efficient and Accurate Double-Hybrid-Meta-GGA Density Functionals: Evaluation with the Extended GMTKN30 Database for General Main Group Thermochemistry, Kinetics, and Noncovalent Interactions.pdf
"
Q4.9v2,Quantify the difference in accuracy (WTMAD-2) between the Rung 5 functional DSD-BLYP and the Rung 4 functional PW6B95 when both are paired with the charge-dependent D4-ATM dispersion correction.,"The DSD-BLYP functional, classified as a higher-rung Double Hybrid (DHDF), fundamentally incorporates a portion of MP2-like correlation energy, which is critical for describing dispersion and noncovalent interactions accurately. This methodological difference explains its superior performance compared to the Hybrid functional PW6B95. On the GMTKN55 NCIs benchmark, DSD-BLYP-D4-ATM achieves a WTMAD-2 of 3.23 kcal mol⁻¹. In contrast, the PW6B95-D4-ATM combination reports a substantially higher error, with a WTMAD-2 of 5.29 kcal mol⁻¹. The introduction of wave function theory components in the Double Hybrid model significantly enhances accuracy for these specific weak interaction calculations","A generally applicable atomic-charge dependent London dispersion correction.pdf, A look at the density functional theory zoo with the advanced GMTKN55 database for general main group thermochemistry kinetics and noncovalent interactions.pdf, Efficient and Accurate Double-Hybrid-Meta-GGA Density Functionals: Evaluation with the Extended GMTKN30 Database for General Main Group Thermochemistry, Kinetics, and Noncovalent Interactions.pdf
"
Q4.10v0,"Historically, the Local Spin Density Approximation (LSD) (Rung 1.0) is known to suffer from overbinding. How much does the Generalized Gradient Approximation (GGA) PBE, which refines LSD, improve the overall prediction of molecular stability, as measured by the Mean Absolute Error (MAE) for the Atomization energies of molecules benchmark set?","The shift from the Local Spin Density Approximation (LSD) to the Generalized Gradient Approximation (GGA), exemplified by the PBE functional, dramatically reduces the MAE in predicting molecular stability (atomization energies). The LSD functional reports a high Mean Absolute Error of 25 kcal/mol for the Atomization energies of molecules. However, the PBE functional significantly reduces this error to just 8 kcal/mol. This substantial reduction highlights the effectiveness of incorporating density gradient information in the GGA family to correct the overbinding tendencies characteristic of the simpler LSD approximation","Thirty years of density functional theory in computational chemistry: an overview and extensive assessment of 200 density functionals.pdf, Quest for a universal density functional: The accuracy of density functionals across a broad spectrum of databases in chemistry and physics.pdf, Density-functional thermochemistry. III. The role of exact exchange.pdf
"
Q4.10v1,By what factor does the PBE functional reduce the Mean Absolute Deviation (MAD) for atomization energies compared to the Local Spin Density (SPW92) approximation?,"The shift from the Local Spin Density Approximation (LSD) to the Generalized Gradient Approximation (GGA), exemplified by the PBE functional, dramatically reduces the MAE in predicting molecular stability (atomization energies). The LSD functional reports a high Mean Absolute Error of 25 kcal/mol for the Atomization energies of molecules. However, the PBE functional significantly reduces this error to just 8 kcal/mol. This substantial reduction highlights the effectiveness of incorporating density gradient information in the GGA family to correct the overbinding tendencies characteristic of the simpler LSD approximation","Thirty years of density functional theory in computational chemistry: an overview and extensive assessment of 200 density functionals.pdf, Quest for a universal density functional: The accuracy of density functionals across a broad spectrum of databases in chemistry and physics.pdf, Density-functional thermochemistry. III. The role of exact exchange.pdf
"
Q4.10v2,Quantify the improvement in the prediction of atomization energies (reduction in overbinding) achieved by the GGA PBE relative to the LSDA functional SPW92.,"The shift from the Local Spin Density Approximation (LSD) to the Generalized Gradient Approximation (GGA), exemplified by the PBE functional, dramatically reduces the MAE in predicting molecular stability (atomization energies). The LSD functional reports a high Mean Absolute Error of 25 kcal/mol for the Atomization energies of molecules. However, the PBE functional significantly reduces this error to just 8 kcal/mol. This substantial reduction highlights the effectiveness of incorporating density gradient information in the GGA family to correct the overbinding tendencies characteristic of the simpler LSD approximation","Thirty years of density functional theory in computational chemistry: an overview and extensive assessment of 200 density functionals.pdf, Quest for a universal density functional: The accuracy of density functionals across a broad spectrum of databases in chemistry and physics.pdf, Density-functional thermochemistry. III. The role of exact exchange.pdf
"